Date,Index,Ticker,Current Price,Predicted,Change %,Confidence,Model,Actual Price,Accuracy
2025-12-10 16:36,Russell 2000 (RUT),RUT,$2535.49,$2522.55,-0.51%,83.1%,Linear Regression,Pending,N/A
2025-12-10 16:36,Dow Jones (DJI),DJI,$47808.69,$47718.02,-0.19%,84.1%,Linear Regression,Pending,N/A
2025-12-10 16:36,NASDAQ 100 (NDX),NDX,$25616.42,$25773.28,0.61%,83.9%,Linear Regression,Pending,N/A
2025-12-10 16:36,S&P 500 (SPX),SPX,$6848.38,$6860.10,0.17%,84.5%,Linear Regression,Pending,N/A
2025-12-10 16:34,Russell 2000 (RUT),RUT,$2535.51,$2522.56,-0.51%,83.1%,Linear Regression,Pending,N/A
2025-12-10 16:34,Dow Jones (DJI),DJI,$47798.82,$47711.39,-0.18%,84.1%,Linear Regression,Pending,N/A
2025-12-10 16:34,NASDAQ 100 (NDX),NDX,$25610.59,$25769.27,0.62%,83.9%,Linear Regression,Pending,N/A
2025-12-10 16:34,S&P 500 (SPX),SPX,$6847.96,$6859.84,0.17%,84.5%,Linear Regression,Pending,N/A
2025-12-10 14:45,Russell 2000 (RUT),RUT,$2525.03,$2515.84,-0.36%,83.1%,Linear Regression,Pending,N/A
2025-12-10 14:45,NASDAQ 100 (NDX),NDX,$25619.38,$25775.31,0.61%,83.9%,Linear Regression,Pending,N/A
2025-12-10 14:45,S&P 500 (SPX),SPX,$6838.95,$6854.14,0.22%,84.5%,Linear Regression,Pending,N/A
2025-12-10 14:40,Russell 2000 (RUT),RUT,$2520.95,$2500.02,-0.83%,83.2%,Linear Regression,Pending,N/A
2025-12-10 14:40,NASDAQ 100 (NDX),NDX,$25590.42,$25814.13,0.87%,83.9%,Linear Regression,Pending,N/A
2025-12-10 14:40,S&P 500 (SPX),SPX,$6833.27,$6857.42,0.35%,84.5%,Linear Regression,Pending,N/A
2025-12-09 23:53,Russell 2000 (RUT),RUT,$2526.24,$2525.28,-0.04%,90.0%,Linear Regression,Pending,N/A
2025-12-09 23:53,Dow Jones (DJI),DJI,$47560.29,$47558.34,-0.00%,90.0%,Linear Regression,Pending,N/A
2025-12-09 23:53,NASDAQ 100 (NDX),NDX,$25668.69,$25670.83,0.01%,90.0%,Linear Regression,Pending,N/A
2025-12-09 23:53,S&P 500 (SPX),SPX,$6840.51,$6839.85,-0.01%,90.0%,Linear Regression,Pending,N/A
2025-12-09 21:02,Russell 2000 (RUT),RUT,$2526.24,$2525.28,-0.04%,90.0%,Linear Regression,Pending,N/A
2025-12-09 21:02,NASDAQ 100 (NDX),NDX,$25668.69,$25670.83,0.01%,90.0%,Linear Regression,Pending,N/A
2025-12-09 21:02,S&P 500 (SPX),SPX,$6840.52,$6839.85,-0.01%,90.0%,Linear Regression,Pending,N/A
2025-12-09 20:58,NASDAQ 100 (NDX),NDX,$25660.30,$25659.95,-0.00%,89.9%,Linear Regression,Pending,N/A
2025-12-09 20:58,S&P 500 (SPX),SPX,$6838.50,$6840.51,0.03%,89.9%,Linear Regression,Pending,N/A
2025-12-09 20:56,S&P 500 (SPX),SPX,$6841.35,$6842.92,0.02%,89.7%,Linear Regression,Pending,N/A
2025-12-09 20:47,Russell 2000 (RUT),RUT,$2531.13,$2538.67,0.30%,88.6%,Linear Regression,Pending,N/A
2025-12-09 20:47,NASDAQ 100 (NDX),NDX,$25670.03,$25802.85,0.52%,88.7%,Linear Regression,Pending,N/A
2025-12-09 20:47,S&P 500 (SPX),SPX,$6843.76,$6858.13,0.21%,88.8%,Linear Regression,Pending,N/A
2025-12-09 20:46,NASDAQ 100 (NDX),NDX,$25671.66,$25784.21,0.44%,88.6%,Linear Regression,Pending,N/A
2025-12-09 20:46,S&P 500 (SPX),SPX,$6844.62,$6847.74,0.05%,88.7%,Linear Regression,Pending,N/A
2025-12-08 20:57,Russell 2000 (RUT),RUT,$2519.99,$2522.60,0.10%,89.7%,Linear Regression,Pending,N/A
2025-12-08 20:57,NASDAQ 100 (NDX),NDX,$25592.43,$25607.84,0.06%,89.8%,Linear Regression,Pending,N/A
2025-12-08 20:57,S&P 500 (SPX),SPX,$6838.07,$6842.17,0.06%,89.8%,Linear Regression,Pending,N/A
2025-12-08 20:50,Russell 2000 (RUT),RUT,$2524.56,$2537.46,0.51%,88.8%,Linear Regression,Pending,N/A
2025-12-08 20:50,NASDAQ 100 (NDX),NDX,$25582.19,$25705.18,0.48%,88.9%,Linear Regression,Pending,N/A
2025-12-08 20:50,S&P 500 (SPX),SPX,$6838.19,$6853.28,0.22%,89.0%,Linear Regression,Pending,N/A
2025-12-05 21:03,NASDAQ 100 (NDX),NDX,$25692.05,$25700.33,0.03%,90.0%,Linear Regression,Pending,N/A
2025-12-05 21:03,S&P 500 (SPX),SPX,$6870.40,$6870.38,-0.00%,90.0%,Linear Regression,Pending,N/A
2025-12-05 21:00,NASDAQ 100 (NDX),NDX,$25692.05,$25700.33,0.03%,90.0%,Linear Regression,Pending,N/A
2025-12-05 21:00,S&P 500 (SPX),SPX,$6870.38,$6870.37,-0.00%,90.0%,Linear Regression,Pending,N/A
2025-12-05 20:58,NASDAQ 100 (NDX),NDX,$25680.93,$25683.16,0.01%,89.9%,Linear Regression,Pending,N/A
2025-12-05 20:58,S&P 500 (SPX),SPX,$6867.73,$6867.20,-0.01%,89.9%,Linear Regression,Pending,N/A
2025-12-05 20:51,Russell 2000 (RUT),RUT,$2521.38,$2536.26,0.59%,88.8%,Linear Regression,Pending,N/A
2025-12-05 20:51,NASDAQ 100 (NDX),NDX,$25643.65,$25784.81,0.55%,88.9%,Linear Regression,Pending,N/A
2025-12-05 20:51,S&P 500 (SPX),SPX,$6859.86,$6883.47,0.34%,89.0%,Linear Regression,Pending,N/A
2025-12-05 20:23,Russell 2000 (RUT),RUT,$2526.20,$2551.74,1.01%,76.7%,Linear Regression,Pending,N/A
2025-12-05 20:23,NASDAQ 100 (NDX),NDX,$25684.19,$25917.44,0.91%,77.0%,Linear Regression,Pending,N/A
2025-12-05 20:23,S&P 500 (SPX),SPX,$6871.46,$6903.41,0.47%,77.6%,Linear Regression,Pending,N/A
2025-12-05 17:25,S&P 500 (SPX),SPX,$6867.26,$6863.33,-0.06%,82.7%,Linear Regression,Pending,N/A
2025-12-05 17:20,Russell 2000 (RUT),RUT,$2520.36,$2527.03,0.26%,81.2%,Linear Regression,Pending,N/A
2025-12-05 17:19,NASDAQ 100 (NDX),NDX,$25658.35,$25729.52,0.28%,81.7%,Linear Regression,Pending,N/A
