timestamp,open,high,low,close,volume,vix_close,SMA_5,SMA_10,SMA_20,EMA_5,EMA_10,Typical_Price,PV,VWAP,AMA,RSI,MACD,Signal_Line,BB_Middle,BB_Upper,BB_Lower,Momentum,ROC,Volume_SMA,Volume_Ratio,next_close,index_name,predicted_price,confidence,prediction_date
2025-09-18 05:00:00,6626.85,6656.8,6611.89,6631.96,1,15.700000000000001,6631.96,6631.96,6631.96,6631.96,6631.96,6633.55,6633.55,6633.55,6664.509090909091,0.0,0.0,0.0,6631.96,6815.746023411706,6448.173976588294,0.0,0.0,1.0,1.0,6664.360000000001,S&P 500 (SPX),6721.437218779906,88.72260790932584,2025-12-17 16:59:44
2025-09-19 05:00:00,6647.110000000001,6671.82,6630.31,6664.360000000001,1,15.450000000000001,6648.16,6648.16,6648.16,6642.76,6637.850909090909,6655.496666666667,6655.496666666667,6644.5233333333335,6664.509090909091,99.99938271985975,2.5846153846159723,0.5169230769231945,6648.16,6693.980519420889,6602.33948057911,0.0,0.0,1.0,1.0,6693.75,S&P 500 (SPX),6721.437218779906,88.72260790932584,2025-12-17 16:59:44
2025-09-22 05:00:00,6654.28,6698.88,6648.07,6693.75,1,16.1,6663.356666666667,6663.356666666667,6663.356666666667,6659.756666666667,6648.0143801652885,6680.233333333334,6680.233333333334,6656.426666666666,6664.509090909091,99.99951448690166,6.9246460661852325,1.798467674775602,6663.356666666667,6725.171099716994,6601.542233616339,0.0,0.0,1.0,1.0,6656.92,S&P 500 (SPX),6721.437218779906,88.72260790932584,2025-12-17 16:59:44
2025-09-23 05:00:00,6692.4400000000005,6699.52,6645.58,6656.92,1,16.64,6661.7475,6661.7475,6661.7475,6658.811111111112,6649.6335837716,6667.34,6667.34,6659.155,6664.509090909091,62.654633948489185,7.308035961247697,2.9003813320700216,6661.7475,6712.627556014121,6610.86744398588,0.0,0.0,1.0,1.0,6637.97,S&P 500 (SPX),6721.437218779906,88.72260790932584,2025-12-17 16:59:44
2025-09-24 05:00:00,6669.79,6672.66,6621.76,6637.97,1,16.18,6656.992,6656.992,6656.992,6651.864074074076,6647.512932176764,6644.13,6644.13,6656.15,6664.509090909091,52.55592413030545,6.013449286880132,3.522994923032044,6656.992,6705.91929994594,6608.06470005406,0.0,0.0,1.0,1.0,6604.72,S&P 500 (SPX),6721.437218779906,88.72260790932584,2025-12-17 16:59:44
2025-09-25 05:00:00,6608.1900000000005,6619.0,6569.22,6604.72,1,16.740000000000002,6651.544,6648.28,6648.28,6636.14938271605,6639.732399053715,6597.646666666667,6597.646666666667,6646.399444444444,6664.509090909091,40.96936745789689,2.278220988879184,3.274040136201472,6648.28,6709.408382932971,6587.151617067028,0.0,0.0,1.0,1.0,6643.7,S&P 500 (SPX),6721.437218779906,88.72260790932584,2025-12-17 16:59:44
2025-09-26 05:00:00,6615.38,6648.97,6604.43,6643.7,1,15.290000000000001,6647.411999999999,6647.625714285715,6647.625714285715,6638.666255144034,6640.453781043949,6632.366666666668,6632.366666666668,6644.394761904762,6664.509090909091,53.09272918861956,2.4353131088055306,3.106294730722284,6647.625714285715,6703.53533642376,6591.71609214767,0.0,0.0,1.0,1.0,6661.21,S&P 500 (SPX),6721.437218779906,88.72260790932584,2025-12-17 16:59:44
2025-09-29 05:00:00,6661.58,6677.31,6644.49,6661.21,1,16.12,6640.904,6649.3237500000005,6649.3237500000005,6646.180836762689,6644.227639035958,6661.003333333333,6661.003333333333,6646.470833333334,6664.509090909091,57.0546524528484,3.927447241410846,3.2705252328599967,6649.3237500000005,6701.969710298149,6596.677789701852,0.0,0.0,1.0,1.0,6688.46,S&P 500 (SPX),6721.437218779906,88.72260790932584,2025-12-17 16:59:44
2025-09-30 05:00:00,6656.1900000000005,6691.25,6641.0,6688.46,1,16.28,6647.2119999999995,6653.672222222222,6653.672222222222,6660.273891175127,6652.269886483966,6673.57,6673.57,6649.481851851852,6664.509090909091,62.04382673942704,7.225530140272895,4.061526214342576,6653.672222222222,6709.402636519783,6597.941807924662,0.0,0.0,1.0,1.0,6711.2,S&P 500 (SPX),6721.437218779906,88.72260790932584,2025-12-17 16:59:44
2025-10-01 05:00:00,6664.92,6718.4800000000005,6656.2,6711.2,1,16.29,6661.858,6659.425,6659.425,6677.249260783418,6662.98445257779,6695.293333333334,6695.293333333334,6654.063,6664.509090909091,65.39836766420521,11.541173093623911,5.557455590198844,6659.425,6723.335558508661,6595.514441491339,0.0,0.0,1.0,1.0,6715.35,S&P 500 (SPX),6721.437218779906,88.72260790932584,2025-12-17 16:59:44
2025-10-02 05:00:00,6731.31,6731.9400000000005,6693.2300000000005,6715.35,1,16.63,6683.9839999999995,6667.764,6664.509090909091,6689.949507188946,6672.505461200009,6713.506666666668,6713.506666666668,6659.46696969697,6664.509090909091,65.94759992350362,15.12190562865726,7.470345597890527,6664.509090909091,6733.887867753049,6595.1303140651335,83.39000000000033,1.257396003594719,1.0,1.0,6715.79,S&P 500 (SPX),6721.437218779906,88.72260790932584,2025-12-17 16:59:44
2025-10-03 05:00:00,6722.14,6750.87,6705.67,6715.79,1,16.65,6698.402,6672.907000000001,6668.7825,6698.563004792631,6680.375377345461,6724.110000000001,6724.110000000001,6664.85388888889,6667.066069801431,66.00481118026656,17.79009316318661,9.534295110949746,6668.7825,6741.25600368489,6596.308996315111,51.42999999999938,0.7717170140868648,1.0,1.0,6740.28,S&P 500 (SPX),6721.437218779906,88.72260790932584,2025-12-17 16:59:44
2025-10-06 05:00:00,6733.860000000001,6749.52,6717.78,6740.28,1,16.37,6714.216,6677.56,6674.282307692308,6712.468669861753,6691.267126919012,6735.86,6735.86,6670.315897435898,6670.407242276322,68.91193519100496,21.631435611457164,11.95372321105123,6674.282307692308,6754.204757668873,6594.359857715743,46.529999999999745,0.6951260504201643,1.0,1.0,6714.59,S&P 500 (SPX),6721.437218779906,88.72260790932584,2025-12-17 16:59:44
2025-10-07 05:00:00,6746.14,6754.49,6699.96,6714.59,1,17.240000000000002,6719.442,6683.327,6677.161428571429,6713.175779907836,6695.507649297373,6723.013333333333,6723.013333333333,6674.080000000001,6673.1604280092015,63.23901688723691,22.345177579630217,14.032014084767027,6677.161428571429,6756.913840392068,6597.409016750789,57.67000000000007,0.8663165548031232,1.0,1.0,6753.72,S&P 500 (SPX),6721.437218779906,88.72260790932584,2025-12-17 16:59:44
2025-10-08 05:00:00,6723.87,6755.64,6718.09,6753.72,1,16.3,6727.946000000001,6694.902,6682.265333333333,6726.690519938557,6706.091713061487,6742.483333333334,6742.483333333334,6678.640222222223,6684.6922772292955,67.33485193621877,25.77121271048054,16.379853809909733,6682.265333333333,6768.689405002108,6595.841261664557,115.75,1.7437559976920654,1.0,1.0,6735.110000000001,S&P 500 (SPX),6721.437218779906,88.72260790932584,2025-12-17 16:59:44
2025-10-09 05:00:00,6760.5,6764.58,6716.17,6735.110000000001,1,16.43,6731.897999999999,6707.941000000001,6689.141999999999,6729.497013292373,6711.367765232126,6738.62,6738.62,6682.388958333334,6694.253435698403,60.48427728875855,26.677180830542966,18.43931921403638,6689.141999999999,6774.823344260496,6603.460655739502,130.39000000000033,1.9741942126237044,1.0,1.0,6552.51,S&P 500 (SPX),6721.437218779906,88.72260790932584,2025-12-17 16:59:44
2025-10-10 05:00:00,6740.49,6762.400000000001,6550.78,6552.51,1,21.66,6699.242,6698.822,6681.685333333333,6670.501342194916,6682.484535189921,6621.896666666667,6621.896666666667,6678.830588235294,6686.160819721608,35.60596795890913,12.516589690074397,17.254773309243987,6681.685333333333,6792.416219943727,6570.954446722939,-91.1899999999996,-1.3725785330463387,1.0,1.0,6654.72,S&P 500 (SPX),6721.437218779906,88.72260790932584,2025-12-17 16:59:44
2025-10-13 05:00:00,6622.53,6668.68,6620.71,6654.72,1,19.03,6682.13,6698.173,6679.083333333333,6665.240894796611,6677.436437882662,6648.036666666667,6648.036666666667,6677.119814814815,6685.823829517766,49.80215827338131,9.432974526572252,15.69041355270964,6679.083333333333,6790.4317816942375,6567.7348849724285,-6.489999999999782,-0.09742974624730014,1.0,1.0,6644.31,S&P 500 (SPX),6721.437218779906,88.72260790932584,2025-12-17 16:59:44
2025-10-14 05:00:00,6602.49,6680.7,6555.07,6644.31,1,20.81,6668.0740000000005,6693.758,6678.242666666667,6658.263929864408,6671.413449176724,6626.693333333334,6626.693333333334,6674.465789473685,6684.841266714378,50.57903773791695,6.07911108477947,13.768153059123607,6678.242666666667,6790.494984356177,6565.990348977157,-44.149999999999636,-0.6600921587330961,1.0,1.0,6671.06,S&P 500 (SPX),6721.437218779906,88.72260790932584,2025-12-17 16:59:44
2025-10-15 05:00:00,6688.27,6724.12,6612.110000000001,6671.06,1,20.64,6651.5419999999995,6689.744000000001,6680.448666666666,6662.529286576272,6671.349185690046,6669.096666666667,6669.096666666667,6674.197333333334,6684.539278368175,56.131691807157665,5.516065811752924,12.117735609649472,6680.448666666666,6790.589805177129,6570.307528156203,-40.13999999999942,-0.5981046608654104,1.0,1.0,6629.07,S&P 500 (SPX),6721.437218779906,88.72260790932584,2025-12-17 16:59:44
2025-10-16 05:00:00,6689.02,6709.34,6593.99,6629.07,1,25.310000000000002,6630.334,6681.116,6682.072,6651.376191050848,6663.6620610191285,6644.133333333334,6644.133333333334,6672.765714285715,6682.328874482433,48.65525672371638,1.6624426968537591,10.026677027090331,6682.072,6788.069512962738,6576.074487037262,-86.28000000000065,-1.284817619334817,1.0,1.0,6664.01,S&P 500 (SPX),6721.437218779906,88.72260790932584,2025-12-17 16:59:44
2025-10-17 05:00:00,6613.27,6678.88,6603.76,6664.01,1,20.78,6652.634,6675.938,6683.426,6655.587460700566,6663.725322652013,6648.883333333334,6648.883333333334,6671.680151515152,6681.896571509323,50.24937655860351,1.41151355900638,8.30364433347354,6683.426,6787.8297223748,6579.0222776252,-51.779999999999745,-0.7710187483527589,1.0,1.0,6735.13,S&P 500 (SPX),6721.437218779906,88.72260790932584,2025-12-17 16:59:44
2025-10-20 05:00:00,6690.05,6744.35,6690.05,6735.13,1,18.23,6668.716,6675.423000000001,6688.354000000001,6682.1016404670445,6676.707991260738,6723.176666666667,6723.176666666667,6673.919130434783,6682.434835284183,53.8553042443868,6.872221344920945,8.017359735763023,6688.354000000001,6795.212993284209,6581.495006715793,-5.149999999999636,-0.07640632139910562,1.0,1.0,6735.35,S&P 500 (SPX),6721.437218779906,88.72260790932584,2025-12-17 16:59:44
2025-10-21 05:00:00,6736.75,6752.16,6722.03,6735.35,1,17.87,6686.924000000001,6677.499000000001,6691.48,6699.851093644697,6687.370174667876,6736.513333333333,6736.513333333333,6676.527222222223,6683.167965109791,52.07207207207212,11.08978760061018,8.631845308732455,6691.48,6801.061007478486,6581.898992521513,20.76000000000022,0.3091774777015457,1.0,1.0,6699.400000000001,S&P 500 (SPX),6721.437218779906,88.72260790932584,2025-12-17 16:59:44
2025-10-22 05:00:00,6741.34,6741.75,6655.6900000000005,6699.400000000001,1,18.6,6692.592,6672.067,6690.693333333334,6699.700729096466,6689.557415637353,6698.946666666667,6698.946666666667,6677.424,6683.55484842671,48.70230249776261,11.399963013464912,9.185468849678948,6690.693333333334,6799.8361696709035,6581.550496995764,-54.31999999999971,-0.8042974834609624,1.0,1.0,6738.4400000000005,S&P 500 (SPX),6721.437218779906,88.72260790932584,2025-12-17 16:59:44
2025-10-23 05:00:00,6703.650000000001,6749.53,6700.14,6738.4400000000005,1,17.3,6714.466,6672.4,6692.232666666667,6712.613819397644,6698.445158248743,6729.37,6729.37,6679.421923076923,6684.089827083623,51.73390492229966,14.62736582395246,10.273848244533651,6692.232666666667,6803.496581100944,6580.968752232389,3.3299999999999272,0.049442399604459716,1.0,1.0,6791.6900000000005,S&P 500 (SPX),6721.437218779906,88.72260790932584,2025-12-17 16:59:44
2025-10-24 05:00:00,6772.07,6807.110000000001,6772.07,6791.6900000000005,1,16.37,6740.002,6696.318000000001,6697.292666666666,6738.972546265097,6715.39876583988,6790.290000000001,6790.290000000001,6683.528148148149,6703.422520670721,53.76955903271698,21.23712738973063,12.466504073573049,6697.292666666666,6819.512099881022,6575.073233452311,239.1800000000003,3.650204272866433,1.0,1.0,6875.16,S&P 500 (SPX),6721.437218779906,88.72260790932584,2025-12-17 16:59:44
2025-10-27 05:00:00,6845.46,6877.28,6843.9400000000005,6875.16,1,15.790000000000001,6768.008,6718.362000000001,6706.284666666667,6784.368364176731,6744.446262959901,6865.46,6865.46,6690.0257142857145,6732.6334256030395,60.85387121632032,32.83227246389015,16.53965775163647,6706.284666666667,6858.278652424876,6554.290680908459,220.4399999999996,3.3125360646278073,1.0,1.0,6890.89,S&P 500 (SPX),6721.437218779906,88.72260790932584,2025-12-17 16:59:44
2025-10-28 05:00:00,6897.74,6911.3,6870.7300000000005,6890.89,1,16.42,6799.116,6743.0199999999995,6718.0380000000005,6819.875576117821,6771.072396967191,6890.973333333334,6890.973333333334,6696.954942528735,6764.020386275183,59.57503245892027,42.79744569904324,21.791215341117823,6718.0380000000005,6897.557707505492,6538.518292494509,246.57999999999993,3.7111453258502376,1.0,1.0,6890.59,S&P 500 (SPX),6721.437218779906,88.72260790932584,2025-12-17 16:59:44
2025-10-29 05:00:00,6910.95,6920.34,6851.91,6890.59,1,16.92,6837.354000000001,6764.973000000001,6727.162666666667,6843.447050745215,6792.802870245883,6887.613333333334,6887.613333333334,6703.310222222222,6787.299339943774,61.137854952863925,50.09326580408833,27.451625433711925,6727.162666666667,6927.196758970477,6527.128574362857,219.52999999999975,3.290781375073822,1.0,1.0,6822.34,S&P 500 (SPX),6721.437218779906,88.72260790932584,2025-12-17 16:59:44
2025-10-30 05:00:00,6860.5,6880.75,6820.6900000000005,6822.34,1,16.91,6854.134,6784.3,6732.978000000001,6836.411367163477,6798.1732574739035,6841.259999999999,6841.259999999999,6707.760215053764,6792.090705183932,73.11652930795191,49.79405630457495,31.920111607884532,6732.978000000001,6938.984953031064,6526.971046968938,193.27000000000044,2.9154919166640334,1.0,1.0,6840.2,S&P 500 (SPX),6721.437218779906,88.72260790932584,2025-12-17 16:59:44
2025-10-31 05:00:00,6879.17,6879.17,6814.26,6840.2,1,17.44,6863.836,6801.919,6752.157333333334,6837.6742447756515,6805.8144833877395,6844.543333333334,6844.543333333334,6712.0346875000005,6798.208989559348,68.57474763659664,50.41690861914958,35.619471010137545,6752.157333333334,6938.816826447194,6565.497840219473,176.1899999999996,2.6439035955828336,1.0,1.0,6851.97,S&P 500 (SPX),6721.437218779906,88.72260790932584,2025-12-17 16:59:44
2025-11-03 06:00:00,6882.32,6882.32,6820.62,6851.97,1,17.17,6859.197999999999,6813.603,6765.307333333333,6842.439496517101,6814.206395499059,6851.636666666666,6851.636666666666,6716.265050505051,6803.052044783675,70.73945349952055,51.26926403804282,38.749429615718604,6765.307333333333,6950.333107054055,6580.281559612611,116.84000000000015,1.7347846292499203,1.0,1.0,6771.55,S&P 500 (SPX),6721.437218779906,88.72260790932584,2025-12-17 16:59:44
2025-11-04 06:00:00,6788.52,6820.21,6766.71,6771.55,1,19.0,6835.33,6817.223,6773.79,6818.809664344735,6806.450687226503,6786.156666666667,6786.156666666667,6718.32068627451,6802.3788617745595,59.06442243509945,44.93752809514626,39.98704931160414,6773.79,6946.284439661936,6601.295560338064,36.19999999999982,0.5374627896100398,1.0,1.0,6796.29,S&P 500 (SPX),6721.437218779906,88.72260790932584,2025-12-17 16:59:44
2025-11-05 06:00:00,6769.77,6829.78,6763.110000000001,6796.29,1,18.01,6816.469999999999,6826.912000000001,6782.138666666667,6811.303109563158,6804.603289548956,6796.393333333333,6796.393333333333,6720.551333333334,6802.041272886961,65.56809295050833,41.43821898780425,40.27728324684416,6782.138666666667,6945.187699233413,6619.089634099921,96.88999999999942,1.4462489178135267,1.0,1.0,6720.32,S&P 500 (SPX),6721.437218779906,88.72260790932584,2025-12-17 16:59:44
2025-11-06 06:00:00,6787.59,6796.68,6707.51,6720.32,1,19.5,6796.066000000001,6825.1,6788.222,6780.975406375439,6789.279055085509,6741.503333333334,6741.503333333334,6721.133333333334,6800.879741445789,54.8703489076095,32.16407972720481,38.6546425429163,6788.222,6932.527114492074,6643.916885507925,-18.1200000000008,-0.2689049691026528,1.0,1.0,6728.8,S&P 500 (SPX),6721.437218779906,88.72260790932584,2025-12-17 16:59:44
2025-11-07 06:00:00,6696.18,6730.110000000001,6631.4400000000005,6728.8,1,19.080000000000002,6773.786,6818.811,6792.541333333333,6763.583604250293,6778.282863251779,6696.783333333334,6696.783333333334,6720.475225225226,6798.3294081055765,49.38597342128238,25.207941221297006,35.965302278592446,6792.541333333333,6924.240541242147,6660.842125424519,-62.89000000000033,-0.9259845487647451,1.0,1.0,6832.43,S&P 500 (SPX),6721.437218779906,88.72260790932584,2025-12-17 16:59:44
2025-11-10 06:00:00,6785.360000000001,6841.32,6770.56,6832.43,1,17.6,6769.878,6814.5380000000005,6799.028,6786.532402833529,6788.127797206002,6814.77,6814.77,6722.956666666667,6799.150885406316,57.84345409300972,27.737485796767942,34.31973898222755,6799.028,6928.168318634973,6669.887681365028,-42.72999999999956,-0.6215128084291793,1.0,1.0,6846.610000000001,S&P 500 (SPX),6721.437218779906,88.72260790932584,2025-12-17 16:59:44
2025-11-11 06:00:00,6815.64,6855.13,6806.87,6846.610000000001,1,17.28,6784.889999999999,6810.110000000001,6806.445333333334,6806.558268555687,6798.760924986729,6836.203333333334,6836.203333333334,6725.860427350427,6800.3299906127995,62.32728734361652,30.534394101803628,33.56267000614277,6806.445333333334,6932.658512601395,6680.232154065273,-44.279999999999745,-0.6425875322345843,1.0,1.0,6850.92,S&P 500 (SPX),6721.437218779906,88.72260790932584,2025-12-17 16:59:44
2025-11-12 06:00:00,6867.77,6869.91,6829.62,6850.92,1,17.51,6795.816000000001,6806.143000000001,6816.546666666666,6821.345512370459,6808.24439317096,6850.149999999999,6850.149999999999,6728.967666666666,6801.477084530308,60.00071128814278,32.721551388063745,33.394446282526964,6816.546666666666,6929.611656490258,6703.481676843075,-39.67000000000007,-0.5757126748217507,1.0,1.0,6737.49,S&P 500 (SPX),6721.437218779906,88.72260790932584,2025-12-17 16:59:44
2025-11-13 06:00:00,6826.47,6828.05,6724.72,6737.49,1,20.0,6799.25,6797.658,6816.483333333334,6793.39367491364,6795.379958048967,6763.420000000001,6763.420000000001,6729.8079674796745,6798.870049538819,45.64686606483112,25.01369397544113,31.7182958211098,6816.483333333334,6929.736736603965,6703.229930062702,-84.85000000000036,-1.2437081705104167,1.0,1.0,6734.110000000001,S&P 500 (SPX),6721.437218779906,88.72260790932584,2025-12-17 16:59:44
2025-11-14 06:00:00,6672.14,6774.31,6646.87,6734.110000000001,1,19.830000000000002,6800.312,6787.049000000001,6812.644666666668,6773.632449942428,6784.239965676427,6718.43,6718.43,6729.537063492063,6795.356695618009,36.99880173287868,18.42008837893718,29.058654332675278,6812.644666666668,6933.169463135316,6692.11987019802,-106.08999999999924,-1.5509780415777206,1.0,1.0,6672.41,S&P 500 (SPX),6721.437218779906,88.72260790932584,2025-12-17 16:59:44
2025-11-17 06:00:00,6713.610000000001,6754.5,6638.900000000001,6672.41,1,22.38,6768.308,6769.092999999999,6799.128,6739.891633294952,6763.90724464435,6688.6033333333335,6688.6033333333335,6728.58511627907,6783.954426550758,31.435029400768144,8.122305209266415,24.871384507993508,6799.128,6934.20351712177,6664.052482878229,-179.5600000000004,-2.620560218448131,1.0,1.0,6617.32,S&P 500 (SPX),6721.437218779906,88.72260790932584,2025-12-17 16:59:44
2025-11-18 06:00:00,6641.1900000000005,6666.63,6574.32,6617.32,1,24.69,6722.45,6753.67,6780.89,6699.034422196635,6737.255018345377,6619.423333333333,6619.423333333333,6726.104166666666,6770.4380850627085,28.75732653410239,-4.4329642850261735,19.010514749389575,6780.89,6935.350719185909,6626.429280814092,-154.23000000000047,-2.2776173844983862,1.0,1.0,6642.16,S&P 500 (SPX),6721.437218779906,88.72260790932584,2025-12-17 16:59:44
2025-11-19 06:00:00,6625.84,6689.75,6603.5,6642.16,1,23.66,6680.697999999999,6738.2570000000005,6764.328,6680.076281464424,6719.965015009853,6645.136666666666,6645.136666666666,6724.304888888888,6760.04492418124,34.97999333111038,-12.237657315768956,12.760880336357868,6764.328,6921.627371935899,6607.028628064102,-154.1300000000001,-2.26785496204547,1.0,1.0,6538.76,S&P 500 (SPX),6721.437218779906,88.72260790932584,2025-12-17 16:59:44
2025-11-20 06:00:00,6737.93,6770.35,6534.05,6538.76,1,26.42,6640.952,6720.101000000001,6745.422666666666,6632.970854309617,6687.018648644425,6614.386666666668,6614.386666666668,6721.9153623188395,6739.335418818871,28.007996031167067,-26.461417869018987,4.916420695282498,6745.422666666666,6937.222547117494,6553.6227862158385,-181.5599999999995,-2.701657063949328,1.0,1.0,6602.99,S&P 500 (SPX),6721.437218779906,88.72260790932584,2025-12-17 16:59:44
2025-11-21 06:00:00,6555.77,6660.05,6521.92,6602.99,1,23.43,6614.728,6707.5199999999995,6729.608666666667,6622.977236206412,6671.740712527257,6594.986666666667,6594.986666666667,6719.214751773049,6732.347917619749,33.12686364868526,-32.18007450909772,-2.502878345593546,6729.608666666667,6926.954094188587,6532.263239144747,-125.8100000000004,-1.8697241707288135,1.0,1.0,6705.12,S&P 500 (SPX),6721.437218779906,88.72260790932584,2025-12-17 16:59:44
2025-11-24 06:00:00,6636.54,6715.75,6630.7,6705.12,1,20.52,6621.2699999999995,6694.789,6719.818666666667,6650.358157470942,6677.809673885937,6683.856666666667,6683.856666666667,6718.478125000001,6730.928661552291,45.6267856907743,-28.146656497659933,-7.631633976006825,6719.818666666667,6905.366503835671,6534.270829497663,-127.3100000000004,-1.8633194924792553,1.0,1.0,6765.88,S&P 500 (SPX),6721.437218779906,88.72260790932584,2025-12-17 16:59:44
2025-11-25 06:00:00,6697.03,6776.400000000001,6659.9800000000005,6765.88,1,18.56,6650.981999999999,6686.716,6719.440666666666,6688.865438313962,6693.822460452129,6734.086666666667,6734.086666666667,6718.796666666667,6731.97467171549,48.088695586590084,-19.81885997590507,-10.069079175986474,6719.440666666666,6904.559448528732,6534.321884804601,-80.73000000000047,-1.1791236831074132,1.0,1.0,6812.610000000001,S&P 500 (SPX),6721.437218779906,88.72260790932584,2025-12-17 16:59:44
2025-11-26 06:00:00,6793.55,6831.4400000000005,6783.87,6812.610000000001,1,17.19,6685.072,6682.885,6720.528666666667,6730.113625542642,6715.420194915378,6809.306666666667,6809.306666666667,6720.606866666666,6733.3306112468445,56.0218716151849,-9.340627829505138,-9.923388906690208,6720.528666666667,6907.762912903325,6533.294420430009,-38.30999999999949,-0.5591949694347547,1.0,1.0,6849.09,S&P 500 (SPX),6721.437218779906,88.72260790932584,2025-12-17 16:59:44
2025-11-28 06:00:00,6822.52,6850.860000000001,6819.75,6849.09,1,16.35,6747.138000000001,6694.045,6729.113333333333,6769.772417028428,6739.723795839855,6839.900000000001,6839.900000000001,6722.945947712418,6738.405134991133,57.57217137317604,1.8853446821131001,-7.5616421889295475,6729.113333333333,6927.7665456933455,6530.46012097332,111.60000000000036,1.656403200598448,1.0,1.0,6812.63,S&P 500 (SPX),6721.437218779906,88.72260790932584,2025-12-17 16:59:44
2025-12-01 06:00:00,6823.46,6843.650000000001,6807.02,6812.63,1,17.240000000000002,6789.066000000001,6701.897,6734.702000000001,6784.0582780189525,6752.979469323517,6821.100000000001,6821.100000000001,6724.8335256410255,6740.576881059708,48.63846407745625,7.7506468529572885,-4.4991843805521805,6734.702000000001,6937.980333635719,6531.423666364283,78.51999999999953,1.1660041193268231,1.0,1.0,6829.37,S&P 500 (SPX),6721.437218779906,88.72260790932584,2025-12-17 16:59:44
2025-12-02 06:00:00,6830.96,6851.55,6806.71,6829.37,1,16.59,6813.916,6717.592999999999,6734.4980000000005,6799.162185345969,6766.868656719241,6829.21,6829.21,6726.802893081761,6746.544706286905,48.818660234623344,13.593027222103046,-0.8807420600211353,6734.4980000000005,6937.361731349748,6531.634268650253,156.96000000000004,2.3523734302898056,1.0,1.0,6849.72,S&P 500 (SPX),6721.437218779906,88.72260790932584,2025-12-17 16:59:44
2025-12-03 06:00:00,6815.29,6862.42,6810.43,6849.72,1,16.080000000000002,6830.683999999999,6740.8330000000005,6734.705333333333,6816.014790230646,6781.932537315743,6840.856666666667,6840.856666666667,6728.915000000001,6759.5145986870675,49.9195408464303,19.638846289416506,3.2231756098663933,6734.705333333333,6938.065879565412,6531.344787101255,232.40000000000055,3.5119957928587486,1.0,1.0,6857.12,S&P 500 (SPX),6721.437218779906,88.72260790932584,2025-12-17 16:59:44
2025-12-04 06:00:00,6866.47,6866.47,6827.12,6857.12,1,15.780000000000001,6839.586,6762.329000000001,6735.118666666666,6829.716526820432,6795.602985076516,6850.236666666667,6850.236666666667,6731.120848484849,6771.034544829687,59.35062295799529,24.742107994127764,7.526962086718668,6735.118666666666,6939.514102996298,6530.723230337035,214.96000000000004,3.236296626398642,1.0,1.0,6870.400000000001,S&P 500 (SPX),6721.437218779906,88.72260790932584,2025-12-17 16:59:44
2025-12-05 06:00:00,6866.32,6895.78,6858.29,6870.400000000001,1,15.41,6843.848,6795.493,6743.979333333334,6843.277684546955,6809.2024423353305,6874.823333333334,6874.823333333334,6733.6869642857155,6802.605255238372,60.49046321525884,29.517801831219003,11.925130035618736,6743.979333333334,6960.007754144334,6527.950912522333,331.6400000000003,5.0719096587120545,1.0,1.0,6846.51,S&P 500 (SPX),6721.437218779906,88.72260790932584,2025-12-17 16:59:44
2025-12-08 06:00:00,6875.2,6878.27,6827.1900000000005,6846.51,1,16.66,6850.624000000001,6819.845000000001,6751.472666666667,6844.355123031304,6815.985634637997,6850.656666666667,6850.656666666667,6735.7390643274875,6812.607392734623,64.22897119879697,31.01730211006543,15.743564450508075,6751.472666666667,6973.7413960997765,6529.203937233557,243.52000000000044,3.688026182078126,1.0,1.0,6840.51,S&P 500 (SPX),6721.437218779906,88.72260790932584,2025-12-17 16:59:44
2025-12-09 06:00:00,6840.610000000001,6864.92,6837.43,6840.51,1,16.93,6852.852000000001,6833.384,6762.6793333333335,6843.0734153542035,6820.44461015836,6847.62,6847.62,6737.668045977013,6816.717926576043,69.83241216300274,31.360018258905257,18.866855212187513,6762.6793333333335,6984.8149155434085,6540.5437511232585,135.39000000000033,2.019203235736278,1.0,1.0,6886.68,S&P 500 (SPX),6721.437218779906,88.72260790932584,2025-12-17 16:59:44
2025-12-10 06:00:00,6833.49,6900.67,6824.6900000000005,6886.68,1,15.77,6860.244000000001,6845.464,6780.636666666667,6857.60894356947,6832.487408311385,6870.68,6870.68,6739.922485875708,6826.168806676819,70.93421458169243,34.95422585974575,22.08432934169916,6780.636666666667,6995.853900000358,6565.419433332976,120.80000000000018,1.785429242020257,1.0,1.0,6901.0,S&P 500 (SPX),6721.437218779906,88.72260790932584,2025-12-17 16:59:44
2025-12-11 06:00:00,6861.3,6903.46,6833.45,6901.0,1,14.85,6869.0199999999995,6854.303,6797.892666666667,6872.0726290463135,6844.94424316386,6879.303333333333,6879.303333333333,6742.245500000002,6834.0092917616785,86.59433466682825,38.51419790188811,25.370303053736954,6797.892666666667,7006.944678713791,6588.840654619542,88.38999999999942,1.2974469403062763,1.0,1.0,6827.41,S&P 500 (SPX),6721.437218779906,88.72260790932584,2025-12-17 16:59:44
2025-12-12 06:00:00,6886.85,6899.85,6801.79,6827.41,1,15.74,6860.4220000000005,6852.135,6817.136,6857.185086030876,6841.756198952249,6843.016666666666,6843.016666666666,6743.897486338799,6833.873929906679,72.25064445766404,34.99401419813239,27.295045282616044,6817.136,6969.38255657377,6664.889443426231,-21.68000000000029,-0.31653840145187595,1.0,1.0,6816.51,S&P 500 (SPX),6721.437218779906,88.72260790932584,2025-12-17 16:59:44
2025-12-15 06:00:00,6860.1900000000005,6861.59,6801.49,6816.51,1,16.5,6854.4220000000005,6852.523000000001,6831.370666666667,6843.626724020584,6837.165980960931,6826.53,6826.53,6745.230268817207,6833.683335960658,63.48318686905369,30.96772765874448,28.029581757841733,6831.370666666667,6927.330547410545,6735.410785922789,3.880000000000109,0.05695304163003288,1.0,1.0,6800.26,S&P 500 (SPX),6721.437218779906,88.72260790932584,2025-12-17 16:59:44
2025-12-16 06:00:00,6800.12,6819.27,6759.74,6800.26,1,16.48,6846.372,6849.611999999999,6837.713333333333,6829.171149347057,6830.455802604398,6793.09,6793.09,6745.989947089949,6832.7524058874205,54.66409811156936,26.164024784196044,27.656470363112597,6837.713333333333,6906.69417318517,6768.732493481496,-29.109999999999673,-0.42624722338956117,1.0,1.0,6741.8,S&P 500 (SPX),6721.437218779906,88.72260790932584,2025-12-17 16:59:44
2025-12-17 06:00:00,6802.88,6812.26,6739.610000000001,6741.8,1,17.51,6817.395999999999,6838.82,6836.107999999999,6800.047432898038,6814.336565767235,6764.556666666667,6764.556666666667,6746.280052083335,6823.238710816871,40.689999737042726,17.43879860289144,25.612936011068367,6836.107999999999,6912.928626396809,6759.28737360319,-107.92000000000007,-1.5755388541429443,1.0,1.0,,S&P 500 (SPX),6721.437218779906,88.72260790932584,2025-12-17 16:59:44
2025-09-18 05:00:00,24421.21318002588,24554.52121207203,24347.54107387689,24454.89446752103,1,15.700000000000001,24454.89446752103,24454.89446752103,24454.89446752103,24454.89446752103,24454.89446752103,24452.318917823315,24452.318917823315,24452.318917823315,24619.27960813199,0.0,0.0,0.0,24454.89446752103,25428.89608921052,23480.89284583154,0.0,0.0,1.0,1.0,24626.24664769563,NASDAQ 100 (NDX),24545.098832940974,87.40262428825751,2025-12-17 16:59:44
2025-09-19 05:00:00,24528.44114486909,24641.92658111285,24469.27806997181,24626.24664769563,1,15.450000000000001,24540.570557608327,24540.570557608327,24540.570557608327,24512.011860912564,24486.049409370957,24579.150432926763,24579.150432926763,24515.73467537504,24619.27960813199,99.9998832814579,13.669119786009105,2.733823957201821,24540.570557608327,24782.899134753447,24298.241980463208,0.0,0.0,1.0,1.0,24761.07408331657,NASDAQ 100 (NDX),24545.098832940974,87.40262428825751,2025-12-17 16:59:44
2025-09-22 05:00:00,24588.17984753114,24781.73022892545,24578.09289173618,24761.07408331657,1,16.1,24614.07173284441,24614.07173284441,24614.07173284441,24595.0326017139,24536.053895542886,24706.965734659403,24706.965734659403,24579.47836180316,24619.27960813199,99.99990201839358,34.97823562473786,9.18270629070903,24614.07173284441,24920.97667380107,24307.166791887754,0.0,0.0,1.0,1.0,24580.16827215806,NASDAQ 100 (NDX),24545.098832940974,87.40262428825751,2025-12-17 16:59:44
2025-09-23 05:00:00,24752.73678735956,24764.30307924351,24536.50168261457,24580.16827215806,1,16.64,24605.595867672822,24605.595867672822,24605.595867672822,24590.07782519529,24544.074691291098,24626.991011338712,24626.991011338712,24591.35652418705,24619.27960813199,62.859531173044765,36.84356668090186,14.714878368747597,24605.595867672822,24858.465807567325,24352.72592777832,0.0,0.0,1.0,1.0,24503.56728788875,NASDAQ 100 (NDX),24545.098832940974,87.40262428825751,2025-12-17 16:59:44
2025-09-24 05:00:00,24648.97340006187,24650.41690811838,24388.58919846495,24503.56728788875,1,16.18,24585.190151716008,24585.190151716008,24585.190151716008,24561.240979426446,24536.709708854305,24514.19113149069,24514.19113149069,24575.92344564778,24619.27960813199,54.31736683718218,31.774518858052033,18.126806466608485,24585.190151716008,24822.435319740336,24347.94498369168,0.0,0.0,1.0,1.0,24397.3105946754,NASDAQ 100 (NDX),24545.098832940974,87.40262428825751,2025-12-17 16:59:44
2025-09-25 05:00:00,24321.73108160815,24460.65885251897,24186.37193466418,24397.3105946754,1,16.740000000000002,24573.673377146883,24553.87689220924,24553.87689220924,24506.597517842765,24511.364415367232,24348.113793952845,24348.113793952845,24537.955170365287,24619.27960813199,45.70233110362066,18.9646224572316,18.29436966473311,24553.87689220924,24815.717876593328,24292.03590782515,0.0,0.0,1.0,1.0,24503.84761948213,NASDAQ 100 (NDX),24545.098832940974,87.40262428825751,2025-12-17 16:59:44
2025-09-26 05:00:00,24410.95293685804,24510.36646598765,24297.69850056996,24503.84761948213,1,15.290000000000001,24549.193571504184,24546.729853248224,24546.729853248224,24505.68088505589,24509.997725206304,24437.304195346576,24437.304195346576,24523.576459648328,24619.27960813199,53.15224756677278,17.21093782627213,18.077683297040917,24546.729853248224,24788.730188437064,24304.729518059383,0.0,0.0,1.0,1.0,24611.35220941858,NASDAQ 100 (NDX),24545.098832940974,87.40262428825751,2025-12-17 16:59:44
2025-09-29 05:00:00,24629.02064588497,24741.77242330018,24560.21900659795,24611.35220941858,1,16.12,24519.24919672458,24554.807647769518,24554.807647769518,24540.90465984345,24528.4258132449,24637.78121310557,24637.78121310557,24537.852053830484,24619.27960813199,58.84957276426127,24.216697066734923,19.30548605097972,24554.807647769518,24783.468702170565,24326.14659336847,0.0,0.0,1.0,1.0,24679.98773467524,NASDAQ 100 (NDX),24545.098832940974,87.40262428825751,2025-12-17 16:59:44
2025-09-30 05:00:00,24597.39905264139,24691.23001927873,24505.13918168523,24679.98773467524,1,16.28,24539.21308922802,24568.716546314598,24568.716546314598,24587.26568478738,24555.982526232234,24625.452311879733,24625.452311879733,24547.585415835954,24619.27960813199,61.81442807187809,34.904764616723696,22.425341764128518,24568.716546314598,24798.313174315466,24339.11991831373,0.0,0.0,1.0,1.0,24800.86280294629,NASDAQ 100 (NDX),24545.098832940974,87.40262428825751,2025-12-17 16:59:44
2025-10-01 05:00:00,24539.24928752798,24816.67442332059,24517.75851886782,24800.86280294629,1,16.29,24598.67219223953,24591.93117197777,24591.93117197777,24658.464724173686,24600.506212907516,24711.765248378233,24711.765248378233,24564.003399090183,24619.27960813199,66.11410554521423,52.523287207524845,28.444930852807786,24591.93117197777,24853.49222854225,24330.370115413287,0.0,0.0,1.0,1.0,24892.76396967421,NASDAQ 100 (NDX),24545.098832940974,87.40262428825751,2025-12-17 16:59:44
2025-10-02 05:00:00,24933.48680572834,24944.74739557253,24780.10912811319,24892.76396967421,1,16.63,24697.76286723929,24635.718122193088,24619.27960813199,24736.56447267386,24653.643986865096,24872.54016445331,24872.54016445331,24592.052195941378,24619.27960813199,68.78628903895745,73.05956422182862,37.36785752661196,24619.27960813199,24926.658842830115,24311.900373433866,437.8695021531821,1.7905188784794153,1.0,1.0,24785.5219068399,NASDAQ 100 (NDX),24545.098832940974,87.40262428825751,2025-12-17 16:59:44
2025-10-03 05:00:00,24931.42404604265,24958.26324723529,24713.58287459815,24785.5219068399,1,16.65,24754.097724710846,24651.64564810751,24633.133133024316,24752.883617395873,24677.621790496876,24819.122676224448,24819.122676224448,24610.974735964966,24624.53983872624,62.98984072607031,79.76172992748252,45.84663200678607,24633.133133024316,24941.52393872702,24324.74232732161,159.2752591442695,0.6467703398852033,1.0,1.0,24978.55807133903,NASDAQ 100 (NDX),24545.098832940974,87.40262428825751,2025-12-17 16:59:44
2025-10-06 05:00:00,24986.25988563261,25044.25888764563,24907.59862441438,24978.55807133903,1,16.37,24827.538897094935,24673.394046909758,24659.70428212545,24828.108435376926,24732.337477922723,24976.805194466346,24976.805194466346,24639.11554046507,24639.04529043072,67.86425055298938,99.50264518480617,56.5778346423901,24659.70428212545,25011.68841781716,24307.72014643374,217.48398802246084,0.87833018588235,1.0,1.0,24840.22652267956,NASDAQ 100 (NDX),24545.098832940974,87.40262428825751,2025-12-17 16:59:44
2025-10-07 05:00:00,25031.78238201749,25062.96103691459,24783.95184257596,24840.22652267956,1,17.240000000000002,24859.5866546958,24699.39987196191,24672.598727879315,24832.14779781114,24751.95366787851,24895.713134056703,24895.713134056703,24657.44394000733,24649.52981005423,62.01155088561696,102.8002456194481,65.82231683780171,24672.598727879315,25024.271233063155,24320.926222695474,260.0582505215025,1.0580002856045145,1.0,1.0,25136.62267009496,NASDAQ 100 (NDX),24545.098832940974,87.40262428825751,2025-12-17 16:59:44
2025-10-08 05:00:00,24887.32110390191,25142.18684475002,24882.34900925506,25136.62267009496,1,16.3,24926.73862812553,24762.70541018253,24703.533657360356,24933.639421905747,24821.89348646332,25053.719508033348,25053.719508033348,24683.862311209068,24714.72926142035,67.93641708602783,127.85646004873706,78.22914547998879,24703.533657360356,25118.573315173508,24288.493999547205,633.0553822062102,2.583523348941553,1.0,1.0,25098.17637507313,NASDAQ 100 (NDX),24545.098832940974,87.40262428825751,2025-12-17 16:59:44
2025-10-09 05:00:00,25124.79317566946,25139.35157415428,24966.80825384793,25098.17637507313,1,16.43,24967.821109205317,24832.791988222303,24746.419117863825,24988.485072961543,24872.126738937826,25068.112067691778,25068.112067691778,24707.87792098924,24779.457493992344,63.3502307544571,142.9634026904714,91.17599692208532,24746.419117863825,25183.69532953677,24309.14290619088,700.8657803977294,2.8727173746383756,1.0,1.0,24221.74518926698,NASDAQ 100 (NDX),24545.098832940974,87.40262428825751,2025-12-17 16:59:44
2025-10-10 05:00:00,25116.8263474368,25195.27790342087,24207.15285866005,24221.74518926698,1,21.66,24855.06576569073,24804.581745200787,24719.452353968587,24732.905111730022,24753.87554808858,24541.391983782636,24541.391983782636,24698.08463056532,24762.51296760587,39.25254401040574,83.25537537749187,89.59187261316663,24719.452353968587,25231.916962355168,24206.987745582006,-282.10243021514907,-1.1512576906120635,1.0,1.0,24750.25235122276,NASDAQ 100 (NDX),24545.098832940974,87.40262428825751,2025-12-17 16:59:44
2025-10-13 05:00:00,24625.73928303526,24779.65394451635,24540.41736273369,24750.25235122276,1,19.03,24809.40462166748,24818.471759381206,24718.730905162334,24738.68752489427,24753.216785022065,24690.1078861576,24690.1078861576,24697.641478098223,24762.313638673008,52.97693112141823,77.68691817572835,87.21088172567897,24718.730905162334,25230.97481361725,24206.48699670742,138.90014180418075,0.5643742798944006,1.0,1.0,24579.31682398462,NASDAQ 100 (NDX),24545.098832940974,87.40262428825751,2025-12-17 16:59:44
2025-10-14 05:00:00,24442.92545840154,24766.36886811576,24256.28224245205,24579.31682398462,1,20.81,24757.22268192849,24808.404668312145,24718.67414195077,24685.563957924387,24721.59861028798,24533.98931151748,24533.98931151748,24689.02820617292,24759.778925219303,51.283439645377186,58.80296328724944,81.52929803799307,24718.67414195077,25230.984039949657,24206.364243951884,-100.67091069062008,-0.40790502723458827,1.0,1.0,24745.35828728986,NASDAQ 100 (NDX),24545.098832940974,87.40262428825751,2025-12-17 16:59:44
2025-10-15 05:00:00,24807.33896619908,24933.22899487112,24496.07452478458,24745.35828728986,1,20.64,24678.969805367473,24802.8542167465,24734.79354191084,24705.495401046213,24725.918551561048,24724.887268981853,24724.887268981853,24690.821159313367,24759.612577696804,55.779946740538634,56.58319555239723,76.54007754087391,24734.79354191084,25233.121766987624,24236.465316834056,-55.50451565643016,-0.22380074474601078,1.0,1.0,24657.24145862022,NASDAQ 100 (NDX),24545.098832940974,87.40262428825751,2025-12-17 16:59:44
2025-10-16 05:00:00,24882.21615575907,24998.30448020318,24481.17388101433,24657.24145862022,1,25.310000000000002,24590.78282207689,24779.3019656411,24752.122266173832,24689.410753570883,24713.43180738999,24712.23993994591,24712.23993994591,24691.84110124825,24757.402486104857,52.56305643347396,47.16997585996796,70.66605720469272,24752.122266173832,25217.11808346927,24287.126448878393,-235.52251105399046,-0.9461484925535687,1.0,1.0,24817.95349798611,NASDAQ 100 (NDX),24545.098832940974,87.40262428825751,2025-12-17 16:59:44
2025-10-17 05:00:00,24600.54552830632,24881.46840501502,24511.58889300218,24817.95349798611,1,20.78,24710.024483820715,24782.545124755725,24773.062658074094,24732.258335042625,24732.435751134733,24737.00359866777,24737.00359866777,24693.893942040046,24758.03509419899,53.39179034229128,52.077730228586006,66.94839180947139,24773.062658074094,25217.99919802939,24328.1261181188,32.43159114621085,0.13084893377718593,1.0,1.0,25141.01815971253,NASDAQ 100 (NDX),24545.098832940974,87.40262428825751,2025-12-17 16:59:44
2025-10-20 05:00:00,24991.09949617396,25183.81330232712,24988.67141852213,25141.01815971253,1,18.23,24788.17764551867,24798.791133593073,24808.373721427026,24868.511609932593,24806.72346178524,25104.50096018726,25104.50096018726,24711.746421089927,24764.363738841872,56.985230470488155,81.1008984872642,69.77889314502995,24808.373721427026,25281.487344177047,24335.260098677005,162.46008837350018,0.6503981851534921,1.0,1.0,25127.13135651568,NASDAQ 100 (NDX),24545.098832940974,87.40262428825751,2025-12-17 16:59:44
2025-10-21 05:00:00,25139.8010453661,25178.23488066005,25043.06209411169,25127.13135651568,1,17.87,24897.74055202488,24827.481616976685,24838.183296216386,24954.71819212696,24864.97944264532,25116.14277709581,25116.14277709581,24728.59626925684,24773.284313330783,55.10904386065053,101.80784204189695,76.18468292440335,24838.183296216386,25332.500157351024,24343.86643508175,286.9048338361208,1.1550008755925463,1.0,1.0,24879.0049414043,NASDAQ 100 (NDX),24545.098832940974,87.40262428825751,2025-12-17 16:59:44
2025-10-22 05:00:00,25093.64260462342,25127.0622023744,24652.10536966897,24879.0049414043,1,18.6,24924.469882847767,24801.719844107618,24843.392772113595,24929.480441886073,24867.529533328772,24886.057504482556,24886.057504482556,24734.894718665866,24775.712388824526,49.79459687356495,97.07746735881301,80.36323981128528,24843.392772113595,25337.671052645084,24349.114491582106,-257.61772869066044,-1.0248700952063392,1.0,1.0,25097.41543964089,NASDAQ 100 (NDX),24545.098832940974,87.40262428825751,2025-12-17 16:59:44
2025-10-23 05:00:00,24869.59811506014,25126.78305843888,24856.3439674653,25097.41543964089,1,17.3,25012.5046790519,24801.643750564395,24857.036203444703,24985.45877447101,24909.326970840062,25026.84748851502,25026.84748851502,24746.123671352372,24778.63987361021,54.506555319887354,109.68809711191716,86.22821127141167,24857.036203444703,25368.16560202058,24345.906804868824,-0.76093543224124,-0.0030318355440237554,1.0,1.0,25358.16207577148,NASDAQ 100 (NDX),24545.098832940974,87.40262428825751,2025-12-17 16:59:44
2025-10-24 05:00:00,25307.74893119614,25418.63620234522,25288.71060671067,25358.16207577148,1,16.37,25120.546394608977,24915.285439214844,24895.212214706808,25109.693208237837,24990.933353554865,25355.16962827579,25355.16962827579,24768.680929016202,24868.291341781878,55.3796417224544,139.11851479087636,96.80627197530461,24895.212214706808,25465.56001462943,24324.864414784184,1136.4168865044994,4.691721746821376,1.0,1.0,25343.15989142248,NASDAQ 100 (NDX),24545.098832940974,87.40262428825751,2025-12-17 16:59:44
2025-10-25 05:00:00,25372.66786566533,25420.98243819078,25326.56349131682,25343.15989142248,1,16.37,25160.974740950965,24974.576193234818,24919.51900271237,25187.515435966052,25054.974542258067,25363.568606976693,25363.568606976693,24789.92691751479,24910.665279416353,57.38560041965068,159.39438271332256,109.32389412290821,24919.51900271237,25534.425833094716,24304.612172330028,592.9075401997216,2.3955615958413836,1.0,1.0,25821.54561613179,NASDAQ 100 (NDX),24545.098832940974,87.40262428825751,2025-12-17 16:59:44
2025-10-27 05:00:00,25701.94680887508,25839.03032386404,25656.37969914038,25821.54561613179,1,15.790000000000001,25299.85759287419,25098.799072449536,24984.940275609184,25398.858829354635,25194.351101144195,25772.318546378738,25772.318546378738,24823.802490923892,25099.33152143435,59.54779165953784,211.62539821098835,129.78419494052426,24984.940275609184,25753.3434445053,24216.53710671307,1242.2287921471689,5.053959803044631,1.0,1.0,26012.15546637114,NASDAQ 100 (NDX),24545.098832940974,87.40262428825751,2025-12-17 16:59:44
2025-10-28 05:00:00,25932.64234287247,26087.48397160948,25864.49106432436,26012.15546637114,1,16.42,25526.487697867553,25225.47879035766,25043.30912869426,25603.291041693472,25343.04280391273,25988.043500768326,25988.043500768326,24862.610524585372,25290.568962536414,62.2223150366675,265.3407927286935,156.8955144981581,25043.30912869426,25976.446947189583,24110.17131019894,1266.7971790812808,5.1193325405676395,1.0,1.0,26119.84604136246,NASDAQ 100 (NDX),24545.098832940974,87.40262428825751,2025-12-17 16:59:44
2025-10-29 05:00:00,26147.72142556233,26182.10319539905,25907.44758914432,26119.84604136246,1,16.92,25730.97381821187,25371.739248631886,25111.42043978022,25775.476041583137,25484.279756176315,26069.79894196861,26069.79894196861,24901.552086436444,25505.991594094234,81.95201687922261,312.9923779743076,188.114887193388,25111.42043978022,26198.217267712913,24024.623611847528,1462.6045827422386,5.931744575713311,1.0,1.0,25734.81322516917,NASDAQ 100 (NDX),24545.098832940974,87.40262428825751,2025-12-17 16:59:44
2025-10-30 05:00:00,25953.77885720674,26031.68383988887,25732.38576709218,25734.81322516917,1,16.91,25806.30404809141,25463.425221350193,25212.2916421737,25761.92176944515,25529.831295993194,25832.960944050075,25832.960944050075,24930.658613236872,25530.764156946807,67.41499400682211,316.0445078239791,213.70081131950622,25212.2916421737,26223.43204921497,24201.151235132427,916.8597271830622,3.694340579925183,1.0,1.0,25858.12596754833,NASDAQ 100 (NDX),24545.098832940974,87.40262428825751,2025-12-17 16:59:44
2025-10-31 05:00:00,26055.96961240711,26063.48561948119,25761.27946280267,25858.12596754833,1,17.44,25909.29726331658,25535.13600213377,25286.14988326207,25793.989835479544,25589.52123627594,25894.29701661073,25894.29701661073,24959.859776975474,25559.44437512003,73.00728811641088,324.67104475839733,235.89485800728445,25286.14988326207,26314.354046205568,24257.945720318574,717.1078078358005,2.8523419508321144,1.0,1.0,25972.94309113969,NASDAQ 100 (NDX),24545.098832940974,87.40262428825751,2025-12-17 16:59:44
2025-11-03 06:00:00,26114.10871329673,26132.86731490554,25887.88286944801,25972.94309113969,1,17.17,25939.576758318155,25619.71717559617,25379.058301072408,25853.640920699596,25659.23430079662,25997.897758497744,25997.897758497744,24990.390305843775,25602.015593338034,72.5004233883776,336.8889733580836,256.09368107744433,25379.058301072408,26385.154807041206,24372.96179510361,845.8117346240069,3.366129315054823,1.0,1.0,25435.7040201831,NASDAQ 100 (NDX),24545.098832940974,87.40262428825751,2025-12-17 16:59:44
2025-11-04 06:00:00,25580.34237305939,25762.23381513102,25415.6237048625,25435.7040201831,1,19.0,25824.28646908055,25675.387083474052,25425.08134993196,25714.32862052743,25618.59243159416,25537.853846725542,25537.853846725542,25006.03212129754,25593.514901868515,62.251392208692565,299.7655559355626,264.828056049068,25425.08134993196,26368.12609091873,24482.03660894519,556.6990787788018,2.2376259825903584,1.0,1.0,25620.03144019976,NASDAQ 100 (NDX),24545.098832940974,87.40262428825751,2025-12-17 16:59:44
2025-11-05 06:00:00,25433.22518494101,25750.88537645806,25364.90220348256,25620.03144019976,1,18.01,25724.32354884801,25727.648683529937,25489.26734870393,25682.896227084875,25618.85406952245,25578.606340046794,25578.606340046794,25021.93696070724,25594.79617603209,62.529912834080335,281.9683073473352,268.2561063087214,25489.26734870393,26334.302706322644,24644.231991085213,522.6160005588717,2.0823498810694656,1.0,1.0,25130.0416560404,NASDAQ 100 (NDX),24545.098832940974,87.40262428825751,2025-12-17 16:59:44
2025-11-06 06:00:00,25568.23846414125,25568.23846414125,25083.23673423498,25130.0416560404,1,19.5,25603.369235022255,25704.836641556834,25510.07322590755,25498.61137007005,25529.979085252988,25260.505618138875,25260.505618138875,25028.384762259444,25585.042178009764,49.83702671724829,225.72377587265146,259.74964022150743,25510.07322590755,26297.68882992135,24722.457621893747,-228.1204197310799,-0.8995936655402883,1.0,1.0,25059.80805697154,NASDAQ 100 (NDX),24545.098832940974,87.40262428825751,2025-12-17 16:59:44
2025-11-07 06:00:00,24977.7347541509,25065.13813871558,24603.78069587484,25059.80805697154,1,19.080000000000002,25443.705652906898,25676.501458111736,25504.65921905815,25352.343599037216,25444.49344374727,24909.575630520656,24909.575630520656,25025.25820616106,25572.322710327287,49.01686937429128,173.48251651949613,242.49621548110517,25504.65921905815,26304.17364264311,24705.144795473192,-283.351834450943,-1.118060398406928,1.0,1.0,25611.73674388784,NASDAQ 100 (NDX),24545.098832940974,87.40262428825751,2025-12-17 16:59:44
2025-11-10 06:00:00,25418.17162907017,25655.51350338981,25354.43701059973,25611.73674388784,1,17.6,25371.46438345653,25655.520570887344,25536.96624488296,25438.80798065409,25474.9013165001,25540.56241929246,25540.56241929246,25038.47113470289,25573.081522155848,59.82813198372385,174.60424542393957,228.91782146967205,25536.96624488296,26309.820647708606,24764.11184205731,-209.80887224394974,-0.8125341347222587,1.0,1.0,25533.48601836101,NASDAQ 100 (NDX),24545.098832940974,87.40262428825751,2025-12-17 16:59:44
2025-11-11 06:00:00,25500.92873569533,25588.26012356012,25380.8578642158,25533.48601836101,1,17.28,25391.02078309211,25607.65362608633,25580.59831668007,25470.3673265564,25485.553080474812,25500.86800204564,25500.86800204564,25050.03105638646,25571.517665357827,56.07752532715059,167.25107776661025,216.5844727290597,25580.59831668007,26262.84385640189,24898.352776958247,-478.6694480101287,-1.840176023201764,1.0,1.0,25517.32792618351,NASDAQ 100 (NDX),24545.098832940974,87.40262428825751,2025-12-17 16:59:44
2025-11-12 06:00:00,25662.18601951743,25663.17077059057,25389.72658730351,25517.32792618351,1,17.51,25370.480080288857,25547.401814568435,25608.59248244958,25486.02085976544,25491.330325149116,25523.408428025865,25523.408428025865,25061.57684593864,25568.646342697786,52.38059944744184,158.2950891688779,204.92659601702337,25608.59248244958,26238.306423750117,24978.878541149046,-602.5181151789511,-2.306744512294693,1.0,1.0,24993.46258979259,NASDAQ 100 (NDX),24545.098832940974,87.40262428825751,2025-12-17 16:59:44
2025-11-13 06:00:00,25386.95123221984,25396.0141186121,24908.59568082738,24993.46258979259,1,20.0,25343.164267039298,25473.266751030777,25584.27918338432,25321.83476977449,25400.808918720657,25099.357463077355,25099.357463077355,25062.476384441943,25531.912656851728,45.460647883173046,107.68452894096845,185.47818260181242,25584.27918338432,26280.122169803068,24888.43619696557,-741.3506353765806,-2.880730584248129,1.0,1.0,25008.2416107317,NASDAQ 100 (NDX),24545.098832940974,87.40262428825751,2025-12-17 16:59:44
2025-11-14 06:00:00,24658.55108019444,25198.93421693446,24534.90024349776,25008.2416107317,1,19.830000000000002,25332.85097779133,25388.278315349115,25561.951298004933,25217.303716760227,25329.43304454084,24914.025357054637,24914.025357054637,25059.02403496782,25489.866194255952,37.99811637984382,67.98415973257943,161.97937802796582,25561.951298004933,26310.453396730343,24813.449199279523,-849.8843568166303,-3.2867206149557244,1.0,1.0,24799.91783393158,NASDAQ 100 (NDX),24545.098832940974,87.40262428825751,2025-12-17 16:59:44
2025-11-17 06:00:00,24890.10279963315,25166.1455916543,24649.36328153678,24799.91783393158,1,22.38,25170.487195800077,25270.975789628304,25493.842779191593,25078.175089150678,25233.157551702792,24871.80890237422,24871.80890237422,25054.769145590693,25407.35967357137,32.20411235954464,19.486712662379432,133.48084495484855,25493.842779191593,26322.71776659955,24664.967791783634,-1173.025257208108,-4.5163355307557325,1.0,1.0,24503.09634735745,NASDAQ 100 (NDX),24545.098832940974,87.40262428825751,2025-12-17 16:59:44
2025-11-18 06:00:00,24651.77812391352,24735.12425566018,24299.29453174812,24503.09634735745,1,24.69,24964.409261599365,25177.71502234574,25393.23883792401,24886.4821752196,25100.419150912727,24512.505044921916,24512.505044921916,25042.7188322425,25318.132031856403,27.514410845479304,-42.410000782154384,98.30267580744797,25393.23883792401,26313.75596931564,24472.721706532382,-932.6076728256521,-3.666529819994889,1.0,1.0,24640.51539608016,NASDAQ 100 (NDX),24545.098832940974,87.40262428825751,2025-12-17 16:59:44
2025-11-19 06:00:00,24517.27226046241,24904.66136402214,24432.19345327239,24640.51539608016,1,23.66,24789.046755578696,25079.76341793378,25294.616794905192,24804.49324883979,25016.800286397713,24659.123404458234,24659.123404458234,25034.379801203708,25244.495681692333,33.65483238469179,-79.45906867355006,62.750326911248365,25294.616794905192,26198.334703392713,24390.89888641767,-979.5160441195985,-3.8232429433426223,1.0,1.0,24054.37959487321,NASDAQ 100 (NDX),24545.098832940974,87.40262428825751,2025-12-17 16:59:44
2025-11-20 06:00:00,25131.48743060635,25222.94774429301,24021.43685204037,24054.37959487321,1,26.42,24601.23015659482,24972.19721181706,25182.587886218793,24554.455364184265,24841.814706120527,24432.92139706886,24432.92139706886,25021.58281388169,25104.727962821897,26.33058298945086,-154.33787160584689,19.332687207829316,25182.587886218793,26253.586015179113,24111.589757258473,-1075.6620611671897,-4.280383120290759,1.0,1.0,24239.57343846132,NASDAQ 100 (NDX),24545.098832940974,87.40262428825751,2025-12-17 16:59:44
2025-11-21 06:00:00,24137.66325784626,24521.83721472048,23854.03194667302,24239.57343846132,1,23.43,24447.496522140744,24890.173749966038,25074.684384279655,24449.494722276617,24732.316293818854,24205.14753328494,24205.14753328494,25004.573745535923,25039.020838905562,27.66659395854012,-196.47146619129126,-23.8281434719948,25074.684384279655,26179.596344084574,23969.772424474737,-820.2346185102178,-3.273108144505647,1.0,1.0,24873.85398346854,NASDAQ 100 (NDX),24545.098832940974,87.40262428825751,2025-12-17 16:59:44
2025-11-24 06:00:00,24462.86943742518,24923.59351741144,24455.65054826166,24873.85398346854,1,20.52,24462.283752048133,24816.385473924107,25001.41177710158,24590.947809340592,24758.050419209703,24751.032683047215,24751.032683047215,24999.399438138196,25028.490658488463,42.93751383507548,-176.64524791786607,-54.39156436116906,25001.41177710158,25990.760416679277,24012.063137523885,-737.8827604192993,-2.8810336752949515,1.0,1.0,25018.3601774521,NASDAQ 100 (NDX),24545.098832940974,87.40262428825751,2025-12-17 16:59:44
2025-11-25 06:00:00,24790.06757076843,25069.54341335458,24542.71539088471,25018.3601774521,1,18.56,24565.33651806707,24764.872889833216,24973.588854252845,24733.418598711098,24805.379466162864,24876.872993897134,24876.872993897134,24996.948909253377,25028.0757569788,42.360478798105525,-147.5712751303945,-73.02750651501415,24973.588854252845,25933.633991220868,24013.54371728482,-515.1258409089096,-2.0174520648629213,1.0,1.0,25236.9391405713,NASDAQ 100 (NDX),24545.098832940974,87.40262428825751,2025-12-17 16:59:44
2025-11-26 06:00:00,25168.30746046431,25309.14809607539,25077.86060986167,25236.9391405713,1,17.19,24684.621266965296,24736.834011271996,24948.049367610947,24901.25877933117,24883.84486150985,25207.982615502784,25207.982615502784,25001.086825062186,25032.747182537256,51.45776912472641,-105.67429910642386,-79.5568650332961,24948.049367610947,25853.206765646566,24042.89196957533,-280.3887856122092,-1.0988171897281622,1.0,1.0,25434.88915825989,NASDAQ 100 (NDX),24545.098832940974,87.40262428825751,2025-12-17 16:59:44
2025-11-28 06:00:00,25310.28444128601,25435.77257642399,25280.95736542709,25434.88915825989,1,16.35,24960.72317964263,24780.976668118725,24968.372534425584,25079.135572307412,24984.03473364622,25383.873033370324,25383.873033370324,25008.448098298883,25047.47430815283,54.942832978625454,-55.853882871961105,-74.81626860102911,24968.372534425584,25904.21150490468,24032.533563946487,441.42656846730097,1.7661681204891593,1.0,1.0,25342.84902267183,NASDAQ 100 (NDX),24545.098832940974,87.40262428825751,2025-12-17 16:59:44
2025-12-01 06:00:00,25322.54081566479,25443.20588448626,25307.19031046032,25342.84902267183,1,17.240000000000002,25181.37829648473,24814.437409312737,24987.241932138935,25167.04005576222,25049.273695287236,25364.41507253947,25364.41507253947,25015.16445630342,25055.615783241465,45.96785711677789,-23.52651478221378,-64.55831783726605,24987.241932138935,25942.200779158135,24032.283085119736,334.607411940131,1.3379885605253512,1.0,1.0,25555.85689379147,NASDAQ 100 (NDX),24545.098832940974,87.40262428825751,2025-12-17 16:59:44
2025-12-02 06:00:00,25449.86851902148,25622.58405799952,25369.35531172306,25555.85689379147,1,16.59,25317.778878549318,24890.03131529873,24983.51660879918,25296.64566843864,25141.37973137891,25515.932087838013,25515.932087838013,25024.437930961467,25088.111915279896,50.32243424116898,19.061384577209537,-47.834377354370936,24983.51660879918,25928.417727201802,24038.615490396554,755.9390598598911,3.048151469379488,1.0,1.0,25606.54481278887,NASDAQ 100 (NDX),24545.098832940974,87.40262428825751,2025-12-17 16:59:44
2025-12-03 06:00:00,25443.70497976988,25639.99128692905,25388.43794777056,25606.54481278887,1,16.080000000000002,25435.415805616674,25000.37616184187,24988.38719509437,25399.945383222053,25225.955200726174,25544.991349162825,25544.991349162825,25033.902538565126,25152.193451898664,51.27322100518216,56.25422935629831,-27.016656012237085,24988.38719509437,25946.104031385585,24030.670358803152,1103.448465431422,4.503302153282453,1.0,1.0,25581.69923430148,NASDAQ 100 (NDX),24545.098832940974,87.40262428825751,2025-12-17 16:59:44
2025-12-04 06:00:00,25658.13839333411,25658.27033956462,25450.37998651534,25581.69923430148,1,15.780000000000001,25504.367824362707,25094.494545664,24992.678615635567,25460.53000024853,25290.6359341035,25563.44985346048,25563.44985346048,25043.35874061683,25197.383667499776,59.789031458678146,82.7708652513902,-5.059151759511629,24992.678615635567,25961.070510821137,24024.286720449996,941.1838382213173,3.8196597071627885,1.0,1.0,25692.05097021579,NASDAQ 100 (NDX),24545.098832940974,87.40262428825751,2025-12-17 16:59:44
2025-12-05 06:00:00,25657.78163996032,25827.07890016907,25617.35289318395,25692.05097021579,1,15.41,25555.80018675389,25258.26168319826,25039.251174330446,25537.703656904287,25363.620486123913,25712.160921189603,25712.160921189603,25055.092112205828,25372.677020462907,61.02867477139569,111.40573709112141,18.23382601061498,25039.251174330446,26072.806210766565,24005.696137894327,1637.6713753425793,6.808204588621448,1.0,1.0,25627.9505444312,NASDAQ 100 (NDX),24545.098832940974,87.40262428825751,2025-12-17 16:59:44
2025-12-08 06:00:00,25758.81804648733,25828.15813022922,25531.74992185152,25627.9505444312,1,16.66,25612.820491105762,25397.09939379525,25080.56510324375,25567.785952746595,25411.680496725236,25662.619532170647,25662.619532170647,25065.566722894877,25449.47529857335,64.00634712941857,127.45746041189341,40.07855289087067,25080.56510324375,26157.44270488223,24003.68750160527,1388.377105969881,5.727729118231598,1.0,1.0,25668.68762000328,NASDAQ 100 (NDX),24545.098832940974,87.40262428825751,2025-12-17 16:59:44
2025-12-09 06:00:00,25593.66600197371,25698.26175886977,25532.33733852225,25668.68762000328,1,16.93,25635.38663634812,25476.582757448723,25138.48308898186,25601.419841832158,25458.40906459397,25633.0955724651,25633.0955724651,25075.18585593844,25501.650060259988,71.58634149537346,141.83077148763186,60.42899661022291,25138.48308898186,26243.74796997581,24033.218207987906,794.8336365347386,3.1954583196596498,1.0,1.0,25776.43732006365,NASDAQ 100 (NDX),24545.098832940974,87.40262428825751,2025-12-17 16:59:44
2025-12-10 06:00:00,25631.58833879267,25835.025285371,25504.30271330416,25776.43732006365,1,15.77,25669.36513780308,25552.390471709878,25223.372487162273,25659.75900124266,25516.23238377027,25705.25510624627,25705.25510624627,25085.68701011024,25565.488432630595,71.27062524321599,160.07102522429705,80.35740233303774,25223.372487162273,26315.004651888437,24131.740322436108,758.0771426115498,3.0300832557953576,1.0,1.0,25686.68481382103,NASDAQ 100 (NDX),24545.098832940974,87.40262428825751,2025-12-17 16:59:44
2025-12-11 06:00:00,25598.38932261662,25696.29128390548,25372.17916223268,25686.68481382103,1,14.85,25690.36225370699,25597.36503903485,25293.117115011664,25668.73427210212,25547.22373468859,25585.05175331973,25585.05175331973,25093.87331737597,25580.72018079035,87.54527443690579,165.3779069960692,97.36150326564405,25293.117115011664,26358.518979826473,24227.715250196856,449.7456732497303,1.782092791620328,1.0,1.0,25196.73375841891,NASDAQ 100 (NDX),24545.098832940974,87.40262428825751,2025-12-17 16:59:44
2025-12-12 06:00:00,25531.55199622529,25605.87548775983,25104.67994782476,25196.73375841891,1,15.74,25591.298811347617,25573.54949905075,25369.274059248044,25511.400767541054,25483.49828445774,25302.4297313345,25302.4297313345,25097.237130504334,25565.161893683366,69.30895662248534,128.56665716129282,103.60253404477382,25369.274059248044,26190.528304329655,24548.019814166433,-238.15539984097995,-0.9363335470390277,1.0,1.0,25067.26479613714,NASDAQ 100 (NDX),24545.098832940974,87.40262428825751,2025-12-17 16:59:44
2025-12-15 06:00:00,25352.8698133533,25377.62390552062,25022.80575328686,25067.26479613714,1,16.5,25479.161661688802,25545.99107639728,25424.4534830931,25363.355443739754,25407.819468399448,25155.898151648205,25155.898151648205,25098.16825782408,25542.257869591056,54.89963153296572,87.93277887896329,100.46858301161173,25424.4534830931,25992.638423529817,24856.268542656384,-275.58422653469097,-1.0874240156982824,1.0,1.0,25132.94027905719,NASDAQ 100 (NDX),24545.098832940974,87.40262428825751,2025-12-17 16:59:44
2025-12-16 06:00:00,24991.49438663591,25188.76331580902,24922.93568480014,25132.94027905719,1,16.48,25372.012193499588,25503.699414923853,25441.725902799008,25286.550388845568,25357.841433973583,25081.54642655545,25081.54642655545,25097.908541710505,25505.122449222974,53.02338532526223,60.33410616843321,92.44168764297602,25441.725902799008,25950.86089325965,24932.590912338364,-422.9166147342803,-1.654871587722122,1.0,1.0,24764.48116604216,NASDAQ 100 (NDX),24545.098832940974,87.40262428825751,2025-12-17 16:59:44
2025-12-17 06:00:00,25167.86076362116,25193.40951985276,24751.06583945297,24764.48116604216,1,17.51,25169.620962695284,25419.493050249184,25424.80063537168,25112.527314577765,25249.95774889514,24902.9855084493,24902.9855084493,25094.90972581418,25375.75132633079,38.447203760345104,8.630896526010474,75.67952941958292,25424.80063537168,26006.02826736988,24843.573003373484,-842.063646746712,-3.288470400450723,1.0,1.0,,NASDAQ 100 (NDX),24545.098832940974,87.40262428825751,2025-12-17 16:59:44
